{
	# The following hull style ids are reserved and can not be used:
	# "sounds", "DEFAULT", "FIGHTER", "FRIGATE", "DESTROYER", "CRUISER", "CAPITAL_SHIP"
	
	
	"ANTIQUE":{
		"hyperspaceJitterColor":[224,142,255,200],
		"baseCampaignExplosionColor":[224,142,255,255],
		"baseCombatExplosionColor":[224,142,255,255],
		"fighterRepairFlickerColor":[224,142,255,255],
		"fighterChipIconColor":[224,142,255,255],
		"weaponDisabledExplosionColor":[224,142,255,255],
		"shieldRingColor":[255,255,255,255],
		"shieldInnerColor":[224,142,255,75],
		"fluxVentCoreColor":[255,255,255,255],
		"fluxVentFringeColor":[224,142,255,255],
		"engineLoopSet":"engine_loop", 					# id of entry in sounds.json
		"engineAccelerateSet":"engine_accelerate",		# id of entry in sounds.json
		"empLoopSet":"emp_loop",						# id of entry in sounds.json
		"fluxLoopSet":"flux_loop",						# id of entry in sounds.json
		"ventFluxSet":"vent_flux",						# id of entry in sounds.json
		"shieldBurnoutSet":"shield_burnout",			# id of entry in sounds.json
		"shieldLowerSet":"shield_lower",				# id of entry in sounds.json
		"shieldRaiseSet":"shield_raise",				# id of entry in sounds.json
		"explosionShipSet":"explosion_ship",			# id of entry in sounds.json
		"damageDecalSheet":"graphics/damage/damage_decal_sheet_base.png",
		"damageDecalGlowSheet":"graphics/damage/damage_decal_sheet_glow.png",
		
		#"colorShiftCovers":true,
		"coversColorShiftAmount":1,  # 0 to 1
		"coversMatchShipBrightness":true,
		"slotCoverSmallTurret":"graphics/weapons/covers/cover_turret_hightech_small.png",
		"slotCoverSmallHardpoint":"graphics/weapons/covers/cover_hardpoint_hightech_small.png",
		"slotCoverMediumTurret":"graphics/weapons/covers/cover_turret_hightech_medium.png",
		"slotCoverMediumHardpoint":"graphics/weapons/covers/cover_hardpoint_hightech_medium.png",
		"slotCoverLargeTurret":"graphics/weapons/covers/cover_turret_hightech_large.png",
		"slotCoverLargeHardpoint":"graphics/weapons/covers/cover_hardpoint_hightech_large.png",
		
		"dHullOverlayLight":"graphics/damage/dmod_overlay_hightech_light.png",
		"dHullOverlayMedium":"graphics/damage/dmod_overlay_hightech_medium.png",
		"dHullOverlayHeavy":"graphics/damage/dmod_overlay_hightech_heavy.png",
	},
}



