name,id,tier,rarity,base value,range,damage/second,damage/shot,emp,impact,turn rate,OPs,ammo,ammo/sec,reload size,type,energy/shot,energy/second,chargeup,chargedown,burst size,burst delay,min spread,max spread,spread/shot,spread decay/sec,beam speed,proj speed,launch speed,flight time,proj hitpoints,autofireAccBonus,extraArcForAI,hints,tags,groupTag,tech/manufacturer,for weapon tooltip>>,primaryRoleStr,speedStr,trackingStr,turnRateStr,accuracyStr,customPrimary,customPrimaryHL,customAncillary,customAncillaryHL,noDPSInTooltip,number
Dedicant Autocannon (Left),bc_builtin2,1,,1000,900,,280,,25,5,0,,,,HIGH_EXPLOSIVE,120,,0,1,1,,0,5,0.4,4,,1450,,3,25,,,,"no_sell, no_drop",,Antique,,Anti Armor,,,,,,,,,,
Dedicant Autocannon (Right),bc_builtin2_alt,1,,1000,900,,280,,25,5,0,,,,HIGH_EXPLOSIVE,120,,0,1,1,,0,5,0.4,4,,1450,,3,25,,,,"no_sell, no_drop",,Antique,,Anti Armor,,,,,,,,,,
Miniscatterer,bc_fighter_blaster,1,,1000,450,,60,60,10,15,0,,,,ENERGY,10,,0,.5,1,,0,5,0.2,5,,1000,,3,20,,,,"no_sell, no_drop",,,,General,,,,,,,,,,
Ultralight Pareidolia,bc_antiquecannon_fighter,2,,1000,650,,100,,10,10,0,,,,HIGH_EXPLOSIVE,20,,0,0.5,1,,0,0,0,0,,3000,,0.25,40,,,,merc,,Antique,,Anti Armor,,,,,,,,,,
,,,,,,,,,,,,,,,,,,,,,,,,,,,,,,,,,,,,,,,,,,,,,,,,
Pareidolia Battery,bc_antiquecannon_large,2,,6780,1000,,430,,30,10,20,20,2.5,5,HIGH_EXPLOSIVE,275,,0.1,0.2,1,,0,10,3.3,5,,1000,,4,40,,,,"merc, antique_bp",,Antique,,Anti Armor,,,,,,,,,,
Pareidolia Cannon,bc_antiquecannon_med,2,,5450,1000,,380,,30,20,13,5,1,2,HIGH_EXPLOSIVE,200,,0.1,0.5,1,,0,15,3,5,,880,,4,40,,,,"merc, antique_bp",,Antique,,Anti Armor,,,,,,,,,,
Light Pareidolia,bc_antiquecannon_small,1,,4350,1000,,280,,30,30,6,3,0.6,1,HIGH_EXPLOSIVE,175,,0.1,0.5,1,,0,20,4,5,,680,,4,40,,,,"merc, antique_bp",,Antique,,Anti Armor,,,,,,,,,,
Heavy Naval Cannon,bc_navalcannon,2,,5000,750,,880,,100,5,21,,,,HIGH_EXPLOSIVE,350,,0,4,3,0.25,5,20,4,5,,445,,6,120,,,,lowtech_bp,,Common,,Anti Armor,,,,,,,,,,
Marquis Heavy Autocannon,bc_autocannon_large,2,,5450,1000,,55,,10,10,18,,,,KINETIC,45,,0,0.1,1,,0,3,0.1,5,,1000,,5,50,,,,midline_bp,,Common,,Anti Shield,,,,,,,,,,
Lucifugus Swarm SRM,bc_swarmer,2,,6780,5000,,60,,4,1,20,256,2,32,HIGH_EXPLOSIVE,0,,0,15,128,0,20,0,0,0,,450,2000,7,55,,,"DO_NOT_CONSERVE, DO_NOT_AIM","rare_bp, sidrian_diktat_bp",,Common,,Swarmer,,,,,,,,,,
Raniform LRM,bc_emp_msl_lcher,2,,12300,12000,,200,400,50,4,12,5,,,KINETIC,0,,0,12,1,,0,0,0,0,,220,100,20,540,,,"DO_NOT_CONSERVE, DO_NOT_AIM",rare_bp,,Common,,EMP,,,,,,,,,,
,,,,,,,,,,,,,,,,,,,,,,,,,,,,,,,,,,,,,,,,,,,,,,,,
Antique Flare Launcher,bc_flarelauncher,,,,500,,10,400,,,,,0,,ENERGY,0,0,0,5,2,0.25,90,90,0,0,,400,200,7,1,,,SYSTEM,,,,,,,,,,,,,,,
,,,,,,,,,,,,,,,,,,,,,,,,,,,,,,,,,,,,,,,,,,,,,,,,
,,,,,,,,,,,,,,,,,,,,,,,,,,,,,,,,,,,,,,,,,,,,,,,,
,,,,,,,,,,,,,,,,,,,,,,,,,,,,,,,,,,,,,,,,,,,,,,,,
,,,,,,,,,,,,,,,,,,,,,,,,,,,,,,,,,,,,,,,,,,,,,,,,
,,,,,,,,,,,,,,,,,,,,,,,,,,,,,,,,,,,,,,,,,,,,,,,,