name,id,designation,tech/manufacturer,system id,fleet pts,hitpoints,armor rating,max flux,8/6/5/4%,flux dissipation,ordnance points,fighter bays,max speed,acceleration,deceleration,max turn rate,turn acceleration,mass,shield type,defense id,shield arc,shield upkeep,shield efficiency,phase cost,phase upkeep,min crew,max crew,cargo,fuel,fuel/ly,range,max burn,base value,cr %/day,CR to deploy,peak CR sec,CR loss/sec,supplies/rec,supplies/mo,c/s,c/f,f/s,f/f,crew/s,crew/f,hints,tags,rarity,breakProb,minPieces,maxPieces,travel drive,number
Serendipity,bc_antiquecruiser,Phase Cruiser,Antique,bc_microburn,19,6700,700,8000,12000,1000,170,,35,10,10,15,10,2000,PHASE,phasecloak,90,,,0.06,0.08,190,230,75,75,15,35,8,178000,3,15,180,0.25,50,50,,,,,,,"HIDE_IN_CODEX,","merc, antique_bp",,0.3,3,5,,
Verisimilitude,bc_antiquedestroyer,Fast Destroyer,Antique,bc_antique_traveldrive,15,3890,670,5300,5300,500,80,,140,170,150,25,50,540,FRONT,,270,0.3,0.72,,,65,70,30,30,6,25,9,92000,4,14,220,0.25,32,32,,,,,,,"HIDE_IN_CODEX,","merc, antique_bp",,0.2,2,3,,
Kenodoxy,bc_antiquecarrier,Carrier,Antique,bc_flarelauncher_active,9,2700,450,2450,5000,100,80,2,55,25,15,45,25,400,FRONT,,270,0.3,0.78,,,55,80,30,30,3,35,8,88900,5,13,220,0.25,24,24,,,,,,,"HIDE_IN_CODEX, CARRIER","merc, antique_bp",,0.3,2,3,,
Limerence,bc_antiquefrigate,Cannon Frigate,Antique,maneuveringjets,8,2870,545,3000,3000,140,20,,150,80,60,50,60,280,FRONT,,120,0.3,0.7,,,25,35,25,25,1,15,10,64000,5,13,220,0.25,14,14,,,,,,,"HIDE_IN_CODEX,","merc, antique_bp",,0.2,2,3,,
Lacustrine,bc_antiquefrigate_alt,Cannon Frigate,Antique,maneuveringjets,7,3000,545,3000,3000,140,30,,160,80,60,50,60,280,FRONT,,120,0.3,0.7,,,20,35,25,25,1,15,10,60000,5,13,220,0.25,12,12,,,,,,,"HIDE_IN_CODEX,","merc, antique_bp",,0.2,2,3,,
Kenosis,bc_antiqueshuttle,Missile Shuttle,Antique,bc_microburn,6,2750,450,2000,2000,120,45,,170,140,120,50,60,240,FRONT,,120,0.3,0.78,,,15,40,20,20,1,15,10,45000,7,15,220,0.25,10,10,,,,,,,"HIDE_IN_CODEX,","merc, antique_bp",,0.2,2,3,,
Raschel,bc_raschel,Frigate,Low Tech,burndrive,7,3500,670,2200,2500,200,50,,80,25,20,90,45,300,FRONT,,270,0.5,0.9,,,20,25,30,30,1,20,9,24550,12,12,360,0.25,6,6,,,,,,,,lowtech_bp,,0.5,2,2,,
Ranine,bc_ranine,Frigate,Low Tech,burndrive,8,2400,560,2000,2560,210,40,,100,35,20,45,40,225,FRONT,,120,0.5,1,,,18,23,25,25,1,18,10,18900,11,16,300,0.25,4,4,,,,,,,,lowtech_bp,,0.5,2,2,,
Killdove,bc_racingeagle,Fast Cruiser,Midline,bc_harpy_traveldrive,13,6700,1000,10500,12000,600,145,,70,60,50,30,50,1200,FRONT,,220,0.4,0.8,,,145,220,150,100,4,34,9,128000,3,16,480,0.25,24,24,,,,,,,,"rare_bp, merc",,0.5,2,3,,
Dram (P),bc_piratedram,Converted Gunboat,Pirate,flarelauncher,8,750,400,1600,1250,100,35,,120,70,50,30,60,230,OMNI,,90,0.5,1.2,,,15,20,15,30,1,245,9,9600,6,25,180,0.25,2,2,,,,,,,,pirate_bp,,0.9,2,4,,
,,,,,,,,,,,,,,,,,,,,,,,,,,,,,,,,,,,,,,,,,,,,,,,,,,,,,
Bardiche,bc_midlinefighter1,,Midline,,,750,75,80,,20,0,,160,300,250,180,250,30,OMNI,,180,0,1,,,1,1,,,,,,,,,,,,,,,,,,,,midline_bp,,0,,,,
Tantieme,bc_antiquefighter,,Antique,bc_flarelauncher_active,,500,180,200,,45,0,,200,450,400,270,300,45,FRONT,,270,0,1,,,1,1,,,,,,,,,,,,,,,,,,,,"merc, antique_bp",,0,,,,
,,,,,,,,,,,,,,,,,,,,,,,,,,,,,,,,,,,,,,,,,,,,,,,,,,,,,
,,,,,,,,,,,,,,,,,,,,,,,,,,,,,,,,,,,,,,,,,,,,,,,,,,,,,
,,,,,,,,,,,,,,,,,,,,,,,,,,,,,,,,,,,,,,,,,,,,,,,,,,,,,
,,,,,,,,,,,,,,,,,,,,,,,,,,,,,,,,,,,,,,,,,,,,,,,,,,,,,
,,,,,,,,,,,,,,,,,,,,,,,,,,,,,,,,,,,,,,,,,,,,,,,,,,,,,
,,,,,,,,,,,,,,,,,,,,,,,,,,,,,,,,,,,,,,,,,,,,,,,,,,,,,
